t,speed,block,n_others,others_in_block
0.1,40.9,B00324,0,
4.2,53.0,B00324,0,
8.2,62.7,B00324,0,
12.2,63.7,B00324,0,
16.2,63.7,B00103,0,
20.2,63.7,B00162,0,
24.2,63.7,B01043,0,
28.3,63.7,B01043,0,
32.3,63.7,B01043,0,
36.3,63.7,B01043,0,
40.3,63.7,B01043,0,
44.4,63.7,B01043,0,
48.4,63.7,B01043,0,
52.4,63.7,B01043,0,
56.4,63.7,B01043,0,
60.4,63.7,B01043,0,
64.4,63.7,B01043,0,
68.5,63.7,B01043,0,
72.5,63.7,B01043,0,
76.5,67.2,B01043,0,
80.5,72.2,B01043,0,
84.6,79.7,B01043,0,
88.6,86.6,B01043,0,
92.6,93.0,B01043,0,
96.7,101.9,B01043,0,
100.7,107.6,B01054,0,
104.7,113.0,B01054,0,
108.7,118.1,B01054,0,
112.7,125.3,B01034,0,
116.8,129.8,B01034,0,116.8,142.3,None,3,115957:列车1@45;175444:列车9@73;182710:列车4@44
120.9,145.7,B01478,0,
124.9,148.8,B01478,0,
128.9,151.7,B01467,0,
132.9,141.7,B01467,0,
137.0,123.2,B01467,0,
141.0,104.7,B01467,0,
145.0,77.0,B01467,0,
149.0,58.5,B01466,0,
153.1,57.7,B01466,0,
157.1,54.5,B01466,0,
161.1,54.5,B01466,0,
165.1,54.5,B01466,0,
169.1,54.5,B00809,0,
173.2,54.5,None,2,200419:列车11@96;JY客运:列车21@131
177.2,54.5,B00810,0,
B01308,0,
201.3,181.8,B01308,0,
205.4,183.4,B01308,0,
209.4,185.0,B00970,0,
213.4,186.8,B00970,0,
217.4,188.6,B00970,0,
221.5,191.6,B00940,0,
225.5,193.9,B00940,0,
229.5,196.3,B00940,0,
233.5,200.1,B00940,0,
237.6,187.0,B01465,0,
241.6,178.5,B01465,0,
245.7,175.7,B01465,0,
249.7,175.8,B01030,0,
253.7,169.5,B01030,0,
257.7,168.8,B01030,0,
261.7,166.9,B01030,0,
265.7,148.2,B01029,0,
269.8,130.9,B01029,0,
273.8,131.3,B01029,0,
277.8,131.4,None,2,418173:列车54@61;200419:列车17@130
281.8,131.4,B00301,0,
285.8,131.4,B00301,0,
289.8,131.4,B00301,0,
293.9,131.4,B00301,0,
297.9,135.2,B00301,0,
