wall,game_s,speed,state,stop_index,edge,t_until_dep,block
1790506419.07,440213.0,76.2,1,1,103808,-0.026513963937759,B00874
1790506423.1,440215.0,76.2,1,1,130882,-0.026513963937759,B00781
1790506427.11,440217.0,65.0,1,1,31894,-0.026513963937759,B00793
1790506431.13,440219.0,46.4,1,1,136557,-0.026513963937759,B00793
1790506435.19,440220.0,37.1,1,1,203126,-0.026513963937759,B00793
1790506439.22,440222.0,18.4,1,1,203129,-0.026513963937759,B00793
1790506443.25,440223.0,9.1,1,1,203129,-0.026513963937759,B00793
1790506447.26,440225.0,0.0,2,1,203129,28.085113525391,B00793
1790506451.31,440227.0,0.0,2,1,203129,26.085105895996,B00793
1790506455.34,440228.0,0.0,2,1,203129,25.085102081299,B00793
1790506459.35,440230.0,0.0,2,1,203129,23.085094451904,B00793
1790506463.37,440232.0,0.0,2,1,203129,21.08508682251,B00793
1790506467.38,440234.0,0.0,2,1,203129,19.085079193115,B00793
1790506471.39,440236.0,0.0,2,1,203129,17.085071563721,B00793
1790506475.4,440237.0,0.0,2,1,203129,16.085067749023,B00793
1790506479.42,440239.0,0.0,2,1,203129,14.085069656372,B00793
1790506483.44,440241.0,0.0,2,1,203129,12.085071563721,B00793
1790506487.46,440243.0,0.0,2,1,203129,10.085073471069,B00793
1790506491.48,440245.0,0.0,2,1,203129,8.085075378418,B00793
1790506495.52,440247.0,0.0,2,1,203129,6.0850772857666,B00793
1790506499.55,440249.0,0.0,2,1,203129,4.0850791931152,B00793
1790506503.56,440249.0,0.0,2,1,203129,4.0850791931152,B00793
1790506507.67,440249.0,0.0,2,1,203129,4.0850791931152,B00793
1790506511.72,440249.0,0.0,2,1,203129,4.0850791931152,B00793
1790506515.74,440249.0,0.0,2,1,203129,4.0850791931152,B00793
1790506519.76,440249.0,0.0,2,1,203129,4.0850791931152,B00793
1790506523.77,440249.0,0.0,2,1,203129,4.0850791931152,B00793
1790506527.81,440249.0,0.0,2,1,203129,4.0850791931152,B00793
1790506531.84,440249.0,0.0,2,1,203129,4.0850791931152,B00793
1790506535.87,440249.0,0.0,2,1,203129,4.0850791931152,B00793
1790506539.88,440249.0,0.0,2,1,203129,4.0850791931152,B00793
1790506543.89,440249.0,0.0,2,1,203129,4.0850791931152,B00793
1790506547.92,440249.0,0.0,2,1,203129,4.0850791931152,B00793
1790506551.95,440249.0,0.0,2,1,203129,4.0850791931152,B00793
1790506555.98,440249.0,0.0,2,1,203129,4.0850791931152,B00793
1790506559.99,440249.0,0.0,2,1,203129,4.0850791931152,B00793
1790506564.03,440249.0,0.0,2,1,203129,4.0850791931152,B00793
1790506568.05,440249.0,0.0,2,1,203129,4.0850791931152,B00793
1790506572.06,440249.0,0.0,2,1,203129,4.0850791931152,B00793
1790506576.08,440249.0,0.0,2,1,203129,4.0850791931152,B00793
1790506580.11,440251.0,0.0,2,1,203129,2.0850787162781,B00793
1790506584.14,440252.0,0.0,2,1,203129,1.0850784778595,B00793
1790506588.16,440253.0,0.0,2,1,203129,0.085078522562981,B00793
1790506592.21,440255.0,18.1,1,2,203129,-0.11492148041725,B00793
1790506596.22,440256.0,27.1,1,2,203133,-0.11492148041725,B00793
1790506600.23,440257.0,35.7,1,2,203133,-0.11492148041725,B00793
1790506604.26,440259.0,48.7,1,2,203136,-0.11492148041725,B00793
1790506608.3,440260.0,53.9,1,2,203140,-0.11492148041725,B00793
1790506612.34,440262.0,63.0,1,2,203146,-0.11492148041725,B00793
1790506616.4,440263.0,53.2,1,2,203147,-0.11492148041725,B00793
1790506620.41,440265.0,47.6,1,2,203204,-0.11492148041725,B00793
1790506624.45,440267.0,47.6,1,2,203209,-0.11492148041725,B00793
1790506628.46,440269.0,47.6,1,2,203216,-0.11492148041725,B00793
1790506632.49,440271.0,47.6,1,2,203220,-0.11492148041725,B00793
1790506636.55,440273.0,47.6,1,2,203220,-0.11492148041725,B00793
1790506640.58,440275.0,47.6,1,2,203220,-0.11492148041725,B00793
1790506644.69,440276.0,47.6,1,2,68913,-0.11492148041725,B00793
1790506648.71,440278.0,47.6,1,2,68913,-0.11492148041725,B00793
1790506652.74,440280.0,47.6,1,2,254078,-0.11492148041725,B00810
1790506656.77,440281.0,47.6,1,2,54288,-0.11492148041725,B00045
1790506660.78,440284.0,47.6,1,2,363234,-0.11492148041725,B00875
1790506664.88,440286.0,47.6,1,2,363234,-0.11492148041725,B00875
1790506668.91,440287.0,47.6,1,2,363234,-0.11492148041725,B00875
1790506672.92,440289.0,47.6,1,2,365899,-0.11492148041725,B00875
1790506676.95,440291.0,47.6,1,2,365899,-0.11492148041725,B00875
1790506680.96,440293.0,47.6,1,2,144346,-0.11492148041725,B00875
1790506684.99,440295.0,47.6,1,2,144346,-0.11492148041725,B00875
1790506689.03,440297.0,49.2,1,2,144346,-0.11492148041725,B00875
1790506693.04,440299.0,50.5,1,2,144346,-0.11492148041725,B00875
1790506697.06,440301.0,60.4,1,2,193010,-0.11492148041725,B00875
1790506701.08,440303.0,69.1,1,2,292396,-0.11492148041725,B00876
1790506705.1,440305.0,76.9,1,2,292396,-0.11492148041725,B00875
1790506709.16,440307.0,84.2,1,2,292396,-0.11492148041725,B00876
1790506713.17,440308.0,87.7,1,2,365875,-0.11492148041725,B00876
1790506717.23,440310.0,94.3,1,2,365875,-0.11492148041725,B00876
1790506721.27,440311.0,97.4,1,2,400324,-0.11492148041725,B00876
1790506725.29,440313.0,103.2,1,2,335043,-0.11492148041725,B00876
1790506729.3,440315.0,108.6,1,2,335043,-0.11492148041725,B00876
1790506733.31,440317.0,113.6,1,2,189122,-0.11492148041725,B00885
1790506737.34,440319.0,118.3,1,2,81642,-0.11492148041725,B00885
1790506741.37,440321.0,122.7,1,2,131252,-0.11492148041725,B00274
1790506745.44,440322.0,124.9,1,2,117575,-0.11492148041725,B00797
1790506749.47,440324.0,129.0,1,2,117575,-0.11492148041725,
1790506753.48,440326.0,130.1,1,2,223036,-0.11492148041725,B00184
1790506757.52,440328.0,129.2,1,2,223087,-0.11492148041725,B00184
1790506761.55,440330.0,129.3,1,2,117404,-0.11492148041725,B00184
1790506765.56,440332.0,129.4,1,2,117606,-0.11492148041725,B00184
1790506769.63,440334.0,129.4,1,2,257928,-0.11492148041725,B00184
1790506773.64,440336.0,129.4,1,2,330273,-0.11492148041725,B01040
1790506777.68,440338.0,129.4,1,2,330273,-0.11492148041725,B01040
1790506781.72,440339.0,130.1,1,2,330273,-0.11492148041725,B01040
1790506785.75,440340.0,131.2,1,2,383419,-0.11492148041725,B01040
1790506789.84,440342.0,133.6,1,2,413336,-0.11492148041725,B01040
1790506793.86,440343.0,134.8,1,2,413336,-0.11492148041725,B01040
1790506797.89,440344.0,136.1,1,2,390876,-0.11492148041725,B01040
1790506801.9,440346.0,138.6,1,2,257222,-0.11492148041725,B01040
1790506805.93,440347.0,139.9,1,2,257222,-0.11492148041725,B01008
1790506809.96,440349.0,142.6,1,2,294630,-0.11492148041725,B01008
1790506813.99,440351.0,145.3,1,2,397592,-0.11492148041725,B01008
1790506818.05,440353.0,148.2,1,2,407693,-0.11492148041725,B01008
1790506822.07,440355.0,151.1,1,2,310584,-0.11492148041725,B01477
1790506826.1,440357.0,154.0,1,2,310584,-0.11492148041725,B01477
1790506830.23,440358.0,155.5,1,2,149655,-0.11492148041725,B01477
1790506834.27,440360.0,158.6,1,2,194109,-0.11492148041725,B01477
1790506838.29,440361.0,160.1,1,2,194109,-0.11492148041725,B01477
1790506842.32,440363.0,163.2,1,2,77950,-0.11492148041725,B01415
1790506846.39,440365.0,166.4,1,2,77950,-0.11492148041725,B01415
1790506850.45,440367.0,169.6,1,2,111582,-0.11492148041725,B01415
1790506854.46,440369.0,172.9,1,2,192405,-0.11492148041725,B01415
1790506858.54,440370.0,174.6,1,2,51476,-0.11492148041725,B01415
1790506862.57,440372.0,178.1,1,2,191649,-0.11492148041725,B00907
1790506866.59,440374.0,170.8,1,2,190277,-0.11492148041725,B00907
1790506870.6,440376.0,152.4,1,2,190277,-0.11492148041725,B00907
1790506874.62,440378.0,134.1,1,2,137495,-0.11492148041725,B00907
1790506878.63,440380.0,115.8,1,2,137495,-0.11492148041725,B00907
1790506882.65,440382.0,97.5,1,2,155758,-0.11492148041725,B00906
1790506886.67,440384.0,79.2,1,2,416671,-0.11492148041725,B01312
1790506890.69,440386.0,60.8,1,2,416671,-0.11492148041725,B00906
1790506894.71,440388.0,42.5,1,2,416671,-0.11492148041725,B01312
1790506898.74,440390.0,24.2,1,2,416671,-0.11492148041725,B01312
1790506902.75,440392.0,5.9,1,2,416671,-0.11492148041725,B01312
1790506906.91,440393.0,0.0,1,2,416671,-0.11492148041725,B01312
1790506910.94,440395.0,0.0,1,2,416671,-0.11492148041725,B01312
1790506914.99,440397.0,0.0,1,2,416671,-0.11492148041725,B01312
1790506919.02,440398.0,0.0,1,2,416671,-0.11492148041725,B01312
1790506923.05,440399.0,0.0,1,2,416671,-0.11492148041725,B01312
1790506927.06,440400.0,3.6,1,2,416671,-0.11492148041725,B01312
1790506931.1,440402.0,22.7,1,2,416671,-0.11492148041725,B01312
1790506935.23,440403.0,32.2,1,2,416671,-0.11492148041725,B01312
1790506939.27,440405.0,47.0,1,2,131010,-0.11492148041725,B01312
1790506943.3,440407.0,58.3,1,2,131010,-0.11492148041725,B01312
1790506947.36,440409.0,67.9,1,2,134617,-0.11492148041725,B01312
1790506951.37,440411.0,76.3,1,2,134617,-0.11492148041725,B01312
1790506955.48,440412.0,80.2,1,2,195656,-0.11492148041725,B01312
1790506959.49,440414.0,87.5,1,2,416677,-0.11492148041725,B01312
1790506963.61,440416.0,94.2,1,2,416677,-0.11492148041725,
1790506987.27,440426.0,120.4,1,2,555413,-0.11492148041725,B00404
1790506991.32,440428.0,124.7,1,2,555502,-0.11492148041725,B00404
1790506995.33,440430.0,128.9,1,2,555529,-0.11492148041725,B00404
1790506999.41,440431.0,131.0,1,2,555494,-0.11492148041725,B00404
1790507003.44,440433.0,135.3,1,2,555637,-0.11492148041725,B00404
1790507007.53,440435.0,139.8,1,2,493398,-0.11492148041725,B00404
1790507011.56,440437.0,144.5,1,2,416747,-0.11492148041725,B00606
1790507015.6,440439.0,149.5,1,2,416759,-0.11492148041725,B01313
1790507019.64,440441.0,154.6,1,2,416759,-0.11492148041725,B01313
1790507023.67,440441.0,154.6,1,2,416759,-0.11492148041725,B01313
1790507027.81,440443.0,159.7,1,2,179415,-0.11492148041725,B01313
1790507031.84,440445.0,164.8,1,2,506820,-0.11492148041725,B01313
1790507035.89,440447.0,169.5,1,2,416763,-0.11492148041725,B00915
1790507039.91,440448.0,171.7,1,2,416763,-0.11492148041725,B01313
1790507043.93,440450.0,175.7,1,2,160651,-0.11492148041725,B00915
1790507047.94,440452.0,179.2,1,2,160651,-0.11492148041725,B00914
1790507051.96,440454.0,182.2,1,2,240057,-0.11492148041725,B00914
1790507056.02,440455.0,183.6,1,2,240057,-0.11492148041725,B00914
1790507060.04,440457.0,186.0,1,2,240056,-0.11492148041725,B00914
1790507064.09,440459.0,188.1,1,2,29154,-0.11492148041725,B00914
1790507068.12,440460.0,189.1,1,2,240054,-0.11492148041725,B00878
1790507072.17,440462.0,181.0,1,2,240053,-0.11492148041725,B00878
1790507076.18,440463.0,171.9,1,2,240052,-0.11492148041725,B00878
1790507080.22,440465.0,153.7,1,2,233942,-0.11492148041725,B00877
1790507084.24,440467.0,135.5,1,2,233942,-0.11492148041725,B00877
1790507088.27,440469.0,117.3,1,2,240051,-0.11492148041725,B00877
1790507092.3,440471.0,99.1,1,2,240027,-0.11492148041725,B00877
1790507096.34,440472.0,90.0,1,2,240027,-0.11492148041725,B00877
1790507100.47,440474.0,74.1,1,2,240027,-0.11492148041725,B00877
1790507104.48,440476.0,74.4,1,2,240024,-0.11492148041725,B00877
1790507108.54,440478.0,74.4,1,2,93942,-0.11492148041725,
1790507112.57,440480.0,74.4,1,2,159107,-0.11492148041725,B00103
1790507116.62,440482.0,74.4,1,2,159107,-0.11492148041725,
1790507120.63,440484.0,74.4,1,2,235119,-0.11492148041725,B00324
1790507124.66,440486.0,74.4,1,2,235119,-0.11492148041725,B00324
1790507128.69,440488.0,74.4,1,2,242036,-0.11492148041725,B00324
1790507132.71,440490.0,63.6,1,2,242036,-0.11492148041725,B00324
1790507136.72,440492.0,45.6,1,2,242036,-0.11492148041725,B00324
1790507140.83,440493.0,36.6,1,2,242036,-0.11492148041725,B00324
1790507144.86,440495.0,18.6,1,2,242036,-0.11492148041725,B00324
1790507148.91,440496.0,9.6,1,2,242036,-0.11492148041725,B00324
1790507152.92,440496.0,9.6,1,2,242036,-0.11492148041725,B00324
1790507156.97,440498.0,0.0,2,2,242036,23.446144104004,B00324
1790507161.02,440499.0,0.0,2,2,242036,22.446140289307,B00324
1790507165.04,440500.0,0.0,2,2,242036,21.446136474609,B00324
1790507169.06,440500.0,0.0,2,2,242036,21.446136474609,B00324
1790507173.09,440500.0,0.0,2,2,242036,21.446136474609,B00324
1790507177.11,440500.0,0.0,2,2,242036,21.446136474609,B00324
1790507181.14,440500.0,0.0,2,2,242036,21.446136474609,B00324
1790507185.17,440500.0,0.0,2,2,242036,21.446136474609,B00324
1790507189.21,440500.0,0.0,2,2,242036,21.446136474609,B00324
1790507193.26,440500.0,0.0,2,2,242036,21.446136474609,B00324
1790507197.3,440500.0,0.0,2,2,242036,21.446136474609,B00324
1790507201.31,440500.0,0.0,2,2,242036,21.446136474609,B00324
1790507205.34,440500.0,0.0,2,2,242036,21.446136474609,B00324
1790507209.36,440500.0,0.0,2,2,242036,21.446136474609,B00324
1790507213.42,440500.0,0.0,2,2,242036,21.446136474609,B00324
1790507217.45,440500.0,0.0,2,2,242036,21.446136474609,B00324
1790507221.48,440500.0,0.0,2,2,242036,21.446136474609,B00324
1790507225.54,440500.0,0.0,2,2,242036,21.446136474609,B00324
1790507229.55,440500.0,0.0,2,2,242036,21.446136474609,B00324
1790507233.57,440500.0,0.0,2,2,242036,21.446136474609,B00324
1790507237.61,440503.0,0.0,2,2,242036,18.446125030518,B00324
1790507241.65,440504.0,0.0,2,2,242036,17.44612121582,B00324
1790507245.76,440506.0,0.0,2,2,242036,15.446116447449,B00324
1790507249.78,440508.0,0.0,2,2,242036,13.446118354797,B00324
1790507253.8,440510.0,0.0,2,2,242036,11.446120262146,B00324
1790507257.82,440512.0,0.0,2,2,242036,9.4461221694946,B00324
1790507261.85,440514.0,0.0,2,2,242036,7.4461240768433,B00324
1790507265.86,440515.0,0.0,2,2,242036,6.4461250305176,B00324
1790507269.88,440517.0,0.0,2,2,242036,4.4461269378662,B00324
1790507273.89,440519.0,0.0,2,2,242036,2.4461269378662,B00324
1790507277.93,440520.0,0.0,2,2,242036,1.4461266994476,B00324
1790507281.95,440522.0,5.2,1,0,242034,-0.15387336909771,B00324
1790507285.96,440524.0,22.8,1,0,242034,-0.15387336909771,B00324
1790507290.0,440526.0,39.2,1,0,242034,-0.15387336909771,B00324
1790507294.08,440528.0,51.1,1,0,242034,-0.15387336909771,B00324
1790507298.1,440529.0,56.1,1,0,242034,-0.15387336909771,B00324
1790507302.11,440531.0,63.5,1,0,242034,-0.15387336909771,B00324
1790507306.14,440533.0,63.7,1,0,242036,-0.15387336909771,B00324
1790507310.18,440535.0,63.7,1,0,242036,-0.15387336909771,B00324
1790507314.23,440536.0,63.7,1,0,242036,-0.15387336909771,B00324
1790507318.26,440538.0,63.7,1,0,165097,-0.15387336909771,B00324
1790507322.27,440540.0,63.7,1,0,235119,-0.15387336909771,B00324
1790507326.29,440540.0,63.7,1,0,235119,-0.15387336909771,B00324
1790507330.32,440543.0,63.7,1,0,159107,-0.15387336909771,
1790507334.33,440545.0,63.7,1,0,173911,-0.15387336909771,B00308
1790507338.38,440547.0,63.7,1,0,173911,-0.15387336909771,B00308
1790507342.4,440549.0,63.7,1,0,173911,-0.15387336909771,B01043
1790507346.51,440550.0,63.7,1,0,173911,-0.15387336909771,B01043
1790507350.71,440552.0,63.7,1,0,173911,-0.15387336909771,B01043
1790507354.75,440555.0,66.6,1,0,240129,-0.15387336909771,B01043
1790507358.88,440556.0,67.3,1,0,240129,-0.15387336909771,B01043
1790507362.95,440558.0,73.7,1,0,240130,-0.15387336909771,B01043
1790507367.03,440560.0,80.9,1,0,240130,-0.15387336909771,B01043
1790507371.07,440562.0,87.6,1,0,240193,-0.15387336909771,B01043
1790507375.21,440564.0,93.8,1,0,224660,-0.15387336909771,B01043
1790507379.3,440566.0,99.8,1,0,224660,-0.15387336909771,B01043
1790507383.45,440568.0,105.4,1,0,224660,-0.15387336909771,B01054
1790507387.47,440570.0,110.8,1,0,240195,-0.15387336909771,B01054
1790507391.48,440572.0,116.0,1,0,240195,-0.15387336909771,B01054
1790507395.5,440574.0,120.9,1,0,240196,-0.15387336909771,B01054
1790507399.54,440576.0,125.5,1,0,33316,-0.15387336909771,B01034
1790507403.62,440578.0,129.8,1,0,33316,-0.15387336909771,B01054
1790507407.66,440579.0,131.9,1,0,33316,-0.15387336909771,B01034
1790507411.73,440581.0,135.7,1,0,240201,-0.15387336909771,B01034
1790507415.76,440582.0,137.4,1,0,240201,-0.15387336909771,B01034
1790507419.79,440584.0,140.5,1,0,240202,-0.15387336909771,B01034
1790507423.81,440586.0,143.2,1,0,40212,-0.15387336909771,B01034
1790507427.84,440588.0,145.5,1,0,40212,-0.15387336909771,B01035
1790507432.01,440589.0,146.5,1,0,554832,-0.15387336909771,B01035
1790507436.05,440591.0,148.2,1,0,416771,-0.15387336909771,B01035
1790507440.07,440593.0,149.7,1,0,405306,-0.15387336909771,B01315
1790507444.08,440594.0,150.4,1,0,405306,-0.15387336909771,B01315
1790507448.09,440596.0,151.8,1,0,84849,-0.15387336909771,B01315
1790507452.11,440598.0,153.4,1,0,416750,-0.15387336909771,B00614
1790507456.12,440600.0,155.3,1,0,416751,-0.15387336909771,
1790507460.14,440601.0,156.4,1,0,416751,-0.15387336909771,
1790507464.15,440603.0,158.9,1,0,416733,-0.15387336909771,B00194
1790507468.16,440605.0,161.6,1,0,555466,-0.15387336909771,B00194
1790507472.3,440606.0,163.1,1,0,555535,-0.15387336909771,B00194
1790507476.31,440608.0,166.0,1,0,555477,-0.15387336909771,B00194
1790507480.34,440610.0,168.9,1,0,555488,-0.15387336909771,B00194
1790507484.35,440612.0,171.5,1,0,209228,-0.15387336909771,B00194
1790507488.38,440614.0,173.8,1,0,222335,-0.15387336909771,B00195
1790507492.39,440616.0,175.8,1,0,414503,-0.15387336909771,B01308
1790507496.42,440618.0,177.5,1,0,358721,-0.15387336909771,B01308
1790507500.45,440620.0,179.1,1,0,221174,-0.15387336909771,B01308
1790507504.48,440622.0,180.7,1,0,71174,-0.15387336909771,B01308
1790507508.52,440624.0,182.3,1,0,416649,-0.15387336909771,B01308
1790507512.6,440626.0,183.9,1,0,212106,-0.15387336909771,B00970
1790507516.64,440628.0,185.6,1,0,212106,-0.15387336909771,B00970
1790507520.71,440630.0,187.4,1,0,216008,-0.15387336909771,B00970
1790507524.72,440631.0,188.3,1,0,216072,-0.15387336909771,B00970
1790507528.73,440633.0,190.3,1,0,163198,-0.15387336909771,B00940
