t,speed_kmh,accel,stop_index,edge_id,block_id,time_until_departure,time_until_load,doors_open,raw_state,auto_departure
0.1,41.6,-2.5325274467468,2,242036,B00324,-0.16322700679302,-10.820044517517,,1,True
5.1,14.3,-2.5325274467468,2,242036,B00324,-0.16322700679302,-10.820044517517,,1,True
10.1,0.0,-2.5325274467468,2,242036,B00324,21.152835845947,8.701208114624,True,2,True
15.2,0.0,-2.5325274467468,2,242036,B00324,18.152824401855,5.701210975647,True,2,True
20.2,0.0,-2.5325274467468,2,242036,B00324,15.152817726135,2.7012121677399,True,2,True
25.2,0.0,-2.5325274467468,2,242036,B00324,13.152819633484,0.701211810112,True,2,True
30.2,0.0,-2.5325274467468,2,242036,B00324,10.152822494507,-2.2987883090973,True,2,True
35.2,0.0,-2.5325274467468,2,242036,B00324,7.1528253555298,-5.2987875938416,True,2,True
40.3,0.0,-2.5325274467468,2,242036,B00324,5.1528272628784,-7.2987856864929,True,2,True
45.3,0.0,-2.5325274467468,2,242036,B00324,2.1528277397156,-10.298783302307,True,2,True
50.3,0.0,-2.5325274467468,2,242036,B00324,0.15282754600048,-12.298781394958,,2,True
55.3,26.8,2.4854173660278,0,242034,B00324,-0.047172456979752,-12.498781204224,,1,True
60.4,21.8,-2.7669558525085,0,242034,B00324,-0.047172456979752,-12.498781204224,,1,True
65.5,1.9,-2.7669589519501,0,242034,B00324,-0.047172456979752,-12.498781204224,,1,True
70.5,0.0,0,0,242034,B00324,-0.047172456979752,-12.498781204224,,1,True
75.5,0.0,0,0,242034,B00324,-0.047172456979752,-12.498781204224,,1,True
80.5,0.0,0,0,242034,B00324,-0.047172456979752,-12.498781204224,,1,True
85.5,0.0,0,0,242034,B00324,-0.047172456979752,-12.498781204224,,1,True
90.5,21.5,2.49951171875,0,242034,B00324,-0.047172456979752,-12.498781204224,,1,True
95.6,38.5,2.0220992565155,0,242034,B00324,-0.047172456979752,-12.498781204224,,1,True
100.6,53.2,-2.6357383728027,0,242034,B00324,-0.047172456979752,-12.498781204224,,1,True
105.6,34.2,-2.6357405185699,0,242036,B00324,-0.047172456979752,-12.498781204224,,1,True
110.7,24.3,2.5393905639648,0,242036,B00324,-0.047172456979752,-12.498781204224,,1,True
115.7,40.9,1.9385848045349,0,242036,B00324,-0.047172456979752,-12.498781204224,,1,True
120.7,58.1,1.3851908445358,0,165097,B00324,-0.047172456979752,-12.498781204224,,1,True
125.7,63.7,0.037132818251848,0,165097,B00324,-0.047172456979752,-12.498781204224,,1,True
130.7,63.7,0,0,159107,B00103,-0.047172456979752,-12.498781204224,,1,True
135.8,63.7,0,0,83003,B00162,-0.047172456979752,-12.498781204224,,1,True
140.8,63.7,0,0,173911,B01043,-0.047172456979752,-12.498781204224,,1,True
145.8,63.7,0,0,173911,B01043,-0.047172456979752,-12.498781204224,,1,True
150.8,63.7,0,0,173911,B01043,-0.047172456979752,-12.498781204224,,1,True
155.8,63.7,0,0,173911,B01043,-0.047172456979752,-12.498781204224,,1,True
160.8,63.7,0,0,173911,B01043,-0.047172456979752,-12.498781204224,,1,True
165.8,63.7,0,0,173911,B01043,-0.047172456979752,-12.498781204224,,1,True
170.9,63.7,0,0,173911,B01043,-0.047172456979752,-12.498781204224,,1,True
175.9,63.7,0,0,173911,B01043,-0.047172456979752,-12.498781204224,,1,True
180.9,63.7,0,0,173911,B01043,-0.047172456979752,-12.498781204224,,1,True
185.9,63.7,0,0,173911,B01043,-0.047172456979752,-12.498781204224,,1,True
191.0,65.4,1.1792016029358,0,240129,B01043,-0.047172456979752,-12.498781204224,,1,True
196.0,68.2,1.1677790880203,0,240129,B01043,-0.047172456979752,-12.498781204224,,1,True
201.0,79.7,0.99870520830154,0,240130,B01043,-0.047172456979752,-12.498781204224,,1,True
206.0,89.8,0.89132881164551,0,240193,B01043,-0.047172456979752,-12.498781204224,,1,True
211.1,99.0,0.82053059339523,0,224660,B01054,-0.047172456979752,-12.498781204224,,1,True
216.1,107.6,0.76805138587952,0,224660,B01054,-0.047172456979752,-12.498781204224,,1,True
221.1,113.0,0.73380011320114,0,240195,B01054,-0.047172456979752,-12.498781204224,,1,True
226.1,120.6,0.67910313606262,0,240196,B01054,-0.047172456979752,-12.498781204224,,1,True
231.2,127.6,0.61647927761078,0,33316,B01034,-0.047172456979752,-12.498781204224,,1,True
236.2,133.8,0.54235535860062,0,33316,B01034,-0.047172456979752,-12.498781204224,,1,True
241.2,139.2,0.4545373916626,0,240201,B01034,-0.047172456979752,-12.498781204224,,1,True
246.2,143.6,0.36006352305412,0,40212,B01035,-0.047172456979752,-12.498781204224,,1,True
251.3,145.9,0.30059844255447,0,40212,B01035,-0.047172456979752,-12.498781204224,,1,True
256.3,148.7,0.23162685334682,0,416771,B01035,-0.047172456979752,-12.498781204224,,1,True
261.3,151.0,0.20447872579098,0,405306,B01315,-0.047172456979752,-12.498781204224,,1,True
266.3,153.3,0.22396647930145,0,71145,B01315,-0.047172456979752,-12.498781204224,,1,True
271.3,155.1,0.26299938559532,0,416750,,-0.047172456979752,-12.498781204224,,1,True
276.3,158.3,0.33728829026222,0,416733,B00194,-0.047172456979752,-12.498781204224,,1,True
281.4,160.9,0.3819001019001,0,555432,B00194,-0.047172456979752,-12.498781204224,,1,True
286.5,165.3,0.41942405700684,0,555470,B00194,-0.047172456979752,-12.498781204224,,1,True
291.5,168.3,0.40409871935844,0,555615,B00194,-0.047172456979752,-12.498781204224,,1,True
296.5,172.4,0.35344511270523,0,555491,B00194,-0.047172456979752,-12.498781204224,,1,True
301.5,174.8,0.3075059056282,0,222335,B00195,-0.047172456979752,-12.498781204224,,1,True
306.6,176.8,0.26094314455986,0,414503,B01308,-0.047172456979752,-12.498781204224,,1,True
311.6,179.4,0.22634333372116,0,358721,B01308,-0.047172456979752,-12.498781204224,,1,True
316.6,181.8,0.22194576263428,0,71174,B01308,-0.047172456979752,-12.498781204224,,1,True
321.7,183.4,0.22711451351643,0,416649,B01308,-0.047172456979752,-12.498781204224,,1,True
326.7,185.9,0.237908244133,0,212106,B01033,-0.047172456979752,-12.498781204224,,1,True
331.7,187.7,0.25194475054741,0,216008,B00970,-0.047172456979752,-12.498781204224,,1,True
336.8,190.6,0.2849172949791,0,216532,B00970,-0.047172456979752,-12.498781204224,,1,True
341.8,193.9,0.32354888319969,0,163198,B00940,-0.047172456979752,-12.498781204224,,1,True
346.8,197.5,0.35248616337776,0,209737,B00940,-0.047172456979752,-12.498781204224,,1,True
351.8,197.8,-3.0195360183716,0,68830,B01465,-0.047172456979752,-12.498781204224,,1,True
356.8,178.5,-2.8759880065918,0,96248,B01465,-0.047172456979752,-12.498781204224,,1,True
361.8,175.7,0.020820427685976,0,373960,B01465,-0.047172456979752,-12.498781204224,,1,True
366.8,175.8,0.0062656369991601,0,379744,B01030,-0.047172456979752,-12.498781204224,,1,True
371.9,167.1,0.57273364067078,0,400529,B01030,-0.047172456979752,-12.498781204224,,1,True
376.9,170.0,0.29889199137688,0,413828,B01030,-0.047172456979752,-12.498781204224,,1,True
381.9,148.2,-2.5947422981262,0,413870,B01029,-0.047172456979752,-12.498781204224,,1,True
386.9,130.9,-2.5947480201721,0,413870,B01029,-0.047172456979752,-12.498781204224,,1,True
391.9,131.4,0.0088207628577948,0,178163,B00298,-0.047172456979752,-12.498781204224,,1,True
396.9,131.4,0.0015048702480271,0,178163,,-0.047172456979752,-12.498781204224,,1,True
402.0,131.4,0.00012225356476847,0,117302,B00301,-0.047172456979752,-12.498781204224,,1,True
407.0,131.4,2.6157633328694e-05,0,117351,B00301,-0.047172456979752,-12.498781204224,,1,True
412.0,133.3,0.52749389410019,0,117628,B00301,-0.047172456979752,-12.498781204224,,1,True
417.0,138.8,0.49762412905693,0,112456,B00301,-0.047172456979752,-12.498781204224,,1,True
422.0,142.3,0.47749558091164,0,90241,,-0.047172456979752,-12.498781204224,,1,True
427.1,147.3,0.43888083100319,0,206577,B01478,-0.047172456979752,-12.498781204224,,1,True
432.1,150.3,0.40170234441757,0,187236,B01478,-0.047172456979752,-12.498781204224,,1,True
437.2,141.7,-2.5662729740143,0,363104,B01467,-0.047172456979752,-12.498781204224,,1,True
442.2,113.9,-2.5662729740143,0,409021,B01467,-0.047172456979752,-12.498781204224,,1,True
447.3,95.5,-2.5662729740143,0,374549,B01467,-0.047172456979752,-12.498781204224,,1,True
452.3,67.8,-2.5662729740143,0,374549,B01467,-0.047172456979752,-12.498781204224,,1,True
457.4,57.7,0.00014807128172833,0,219839,B01466,-0.047172456979752,-12.498781204224,,1,True
462.4,54.5,0.011165517382324,0,211257,B01466,-0.047172456979752,-12.498781204224,,1,True
467.4,54.5,0,0,211257,B01466,-0.047172456979752,-12.498781204224,,1,True
472.5,54.5,0,0,144538,,-0.047172456979752,-12.498781204224,,1,True
477.5,54.5,0,0,183952,,-0.047172456979752,-12.498781204224,,1,True
482.6,54.5,0,0,254078,B00810,-0.047172456979752,-12.498781204224,,1,True
487.6,54.5,0,0,120910,B00773,-0.047172456979752,-12.498781204224,,1,True
492.6,54.5,0,0,203232,B00773,-0.047172456979752,-12.498781204224,,1,True
497.6,54.5,0,0,203229,B00773,-0.047172456979752,-12.498781204224,,1,True
502.6,54.5,0,0,203177,B00773,-0.047172456979752,-12.498781204224,,1,True
507.6,54.5,0,0,203174,B00773,-0.047172456979752,-12.498781204224,,1,True
512.6,54.5,0,0,203168,B00773,-0.047172456979752,-12.498781204224,,1,True
517.7,54.5,0,0,203162,B00773,-0.047172456979752,-12.498781204224,,1,True
522.7,66.9,1.0271179676056,0,203154,B00773,-0.047172456979752,-12.498781204224,,1,True
527.7,73.8,0.90419185161591,0,203151,B00773,-0.047172456979752,-12.498781204224,,1,True
532.8,77.1,0.01505602709949,0,89046,B00775,-0.047172456979752,-12.498781204224,,1,True
537.8,77.1,0.00038041285006329,0,130884,B01446,-0.047172456979752,-12.498781204224,,1,True
542.8,77.1,1.1105550584034e-05,0,130884,B01446,-0.047172456979752,-12.498781204224,,1,True
547.8,77.1,1.5123893035707e-06,0,131105,B00786,-0.047172456979752,-12.498781204224,,1,True
552.9,77.1,1.5289739394575e-06,0,131105,,-0.047172456979752,-12.498781204224,,1,True
557.9,77.1,1.590554120412e-06,0,130881,B00785,-0.047172456979752,-12.498781204224,,1,True
562.9,77.1,1.6433601786048e-06,0,130881,B00785,-0.047172456979752,-12.498781204224,,1,True
568.0,85.5,0.80963736772537,0,129547,B00785,-0.047172456979752,-12.498781204224,,1,True
573.0,94.0,0.75459170341492,0,73943,B00785,-0.047172456979752,-12.498781204224,,1,True
578.0,99.3,0.72049540281296,0,73943,B00785,-0.047172456979752,-12.498781204224,,1,True
583.0,106.8,0.67200899124146,0,75493,B00785,-0.047172456979752,-12.498781204224,,1,True
588.1,113.8,0.62943875789642,0,67364,B00848,-0.047172456979752,-12.498781204224,,1,True
593.1,118.2,0.60505926609039,0,67364,B00848,-0.047172456979752,-12.498781204224,,1,True
598.1,124.5,0.57316678762436,0,131109,B00848,-0.047172456979752,-12.498781204224,,1,True
603.1,128.6,0.5556184053421,0,60183,B01464,-0.047172456979752,-12.498781204224,,1,True
608.2,134.5,0.53928190469742,0,59142,B01464,-0.047172456979752,-12.498781204224,,1,True
613.2,138.4,0.53216809034348,0,55632,B01464,-0.047172456979752,-12.498781204224,,1,True
618.2,144.1,0.52295172214508,0,49191,B01464,-0.047172456979752,-12.498781204224,,1,True
623.3,149.6,0.50589096546173,0,124577,,-0.047172456979752,-12.498781204224,,1,True
628.3,153.2,0.48665332794189,0,57603,B00062,-0.047172456979752,-12.498781204224,,1,True
633.3,158.2,0.45166271924973,0,130687,B00062,-0.047172456979752,-12.498781204224,,1,True
638.3,162.9,0.41285294294357,0,130666,B00062,-0.047172456979752,-12.498781204224,,1,True
643.4,140.0,-2.5045499801636,0,227283,B00062,-0.047172456979752,-12.498781204224,,1,True
648.4,104.0,-2.5045499801636,0,403502,,-0.047172456979752,-12.498781204224,,1,True
653.4,76.9,-2.5045499801636,0,88918,B01281,-0.047172456979752,-12.498781204224,,1,True
658.4,58.9,-2.5045499801636,0,88918,B01281,-0.047172456979752,-12.498781204224,,1,True
663.4,31.8,-2.5045499801636,0,116992,B01281,-0.047172456979752,-12.498781204224,,1,True
668.5,35.4,1.9798957109451,0,116992,B01281,-0.047172456979752,-12.498781204224,,1,True
673.5,51.8,1.2529708147049,0,116992,B01281,-0.047172456979752,-12.498781204224,,1,True
678.5,63.5,0.97062629461288,0,211059,B01281,-0.047172456979752,-12.498781204224,,1,True
683.5,70.0,0.85499602556229,0,211059,B01281,-0.047172456979752,-12.498781204224,,1,True
688.6,78.5,0.73350661993027,0,92518,B01281,-0.047172456979752,-12.498781204224,,1,True
693.6,86.0,0.66501188278198,0,88010,B01281,-0.047172456979752,-12.498781204224,,1,True
698.6,90.7,0.64917856454849,0,88010,B00829,-0.047172456979752,-12.498781204224,,1,True
703.6,97.7,0.65645807981491,0,129185,B00829,-0.047172456979752,-12.498781204224,,1,True
708.6,104.9,0.67975342273712,0,117471,B00829,-0.047172456979752,-12.498781204224,,1,True
713.6,109.9,0.70345938205719,0,304555,B00829,-0.047172456979752,-12.498781204224,,1,True
718.7,117.8,0.746422290802,0,129861,B00829,-0.047172456979752,-12.498781204224,,1,True
