t,speed,block,time_until_departure,time_until_load,doors,stop_index
0.1,77.1,B00785,-0.047172456979752,-12.498781204224,None,0
3.1,79.6,B00785,-0.047172456979752,-12.498781204224,None,0
6.2,82.6,B00785,-0.047172456979752,-12.498781204224,None,0
9.2,88.4,B00785,-0.047172456979752,-12.498781204224,None,0
12.2,94.0,B00785,-0.047172456979752,-12.498781204224,None,0
15.3,96.6,B00785,-0.047172456979752,-12.498781204224,None,0
18.3,101.8,B00785,-0.047172456979752,-12.498781204224,None,0
21.3,104.3,B00785,-0.047172456979752,-12.498781204224,None,0
24.3,109.2,B00785,-0.047172456979752,-12.498781204224,None,0
27.3,113.8,B00848,-0.047172456979752,-12.498781204224,None,0
30.3,116.0,B00848,-0.047172456979752,-12.498781204224,None,0
33.4,120.4,B01464,-0.047172456979752,-12.498781204224,None,0
36.4,122.5,B00848,-0.047172456979752,-12.498781204224,None,0
39.4,126.6,B01464,-0.047172456979752,-12.498781204224,None,0
42.4,128.6,B01464,-0.047172456979752,-12.498781204224,None,0
45.4,132.6,B01464,-0.047172456979752,-12.498781204224,None,0
48.5,134.5,B01464,-0.047172456979752,-12.498781204224,None,0
51.5,138.4,B01464,-0.047172456979752,-12.498781204224,None,0
54.5,140.3,B01464,-0.047172456979752,-12.498781204224,None,0
57.5,144.1,B01464,-0.047172456979752,-12.498781204224,None,0
60.5,147.8,None,-0.047172456979752,-12.498781204224,None,0
63.6,149.6,None,-0.047172456979752,-12.498781204224,None,0
66.6,153.2,B00062,-0.047172456979752,-12.498781204224,None,0
69.6,154.9,B00062,-0.047172456979752,-12.498781204224,None,0
72.6,158.2,B00062,-0.047172456979752,-12.498781204224,None,0
75.6,161.4,B00062,-0.047172456979752,-12.498781204224,None,0
78.6,158.1,B00062,-0.047172456979752,-12.498781204224,None,0
81.7,140.0,B00062,-0.047172456979752,-12.498781204224,None,0
84.7,122.0,None,-0.047172456979752,-12.498781204224,None,0
87.7,113.0,B00063,-0.047172456979752,-12.498781204224,None,0
90.8,95.0,B01281,-0.047172456979752,-12.498781204224,None,0
93.8,76.9,B01281,-0.047172456979752,-12.498781204224,None,0
96.8,58.9,B01281,-0.047172456979752,-12.498781204224,None,0
99.8,49.9,B01281,-0.047172456979752,-12.498781204224,None,0
102.9,31.8,B01281,-0.047172456979752,-12.498781204224,None,0
105.9,27.6,B01281,-0.047172456979752,-12.498781204224,None,0
108.9,41.7,B01281,-0.047172456979752,-12.498781204224,None,0
111.9,47.1,B01281,-0.047172456979752,-12.498781204224,None,0
114.9,56.0,B01281,-0.047172456979752,-12.498781204224,None,0
118.0,63.5,B01281,-0.047172456979752,-12.498781204224,None,0
121.0,66.9,B01281,-0.047172456979752,-12.498781204224,None,0
124.0,73.0,B01281,-0.047172456979752,-12.498781204224,None,0
127.0,75.8,B01281,-0.047172456979752,-12.498781204224,None,0
130.0,81.1,B01281,-0.047172456979752,-12.498781204224,None,0
133.1,86.0,B01281,-0.047172456979752,-12.498781204224,None,0
136.1,88.4,B00828,-0.047172456979752,-12.498781204224,None,0
139.1,93.0,B00829,-0.047172456979752,-12.498781204224,None,0
142.1,97.7,B00829,-0.047172456979752,-12.498781204224,None,0
145.2,100.1,B00829,-0.047172456979752,-12.498781204224,None,0
148.2,104.9,B00829,-0.047172456979752,-12.498781204224,None,0
151.2,107.4,B00829,-0.047172456979752,-12.498781204224,None,0
154.2,112.5,B00829,-0.047172456979752,-12.498781204224,None,0
157.2,117.8,B00829,-0.047172456979752,-12.498781204224,None,0
160.3,120.5,B00829,-0.047172456979752,-12.498781204224,None,0
163.3,123.2,B00829,-0.047172456979752,-12.498781204224,None,0
166.3,128.6,B00859,-0.047172456979752,-12.498781204224,None,0
169.4,131.2,B00859,-0.047172456979752,-12.498781204224,None,0
172.4,136.1,B00009,-0.047172456979752,-12.498781204224,None,0
175.4,140.7,None,-0.047172456979752,-12.498781204224,None,0
178.4,142.8,B00041,-0.047172456979752,-12.498781204224,None,0
181.5,146.6,B00041,-0.047172456979752,-12.498781204224,None,0
184.6,148.4,B00041,-0.047172456979752,-12.498781204224,None,0
187.6,151.6,B00041,-0.047172456979752,-12.498781204224,None,0
190.6,154.4,B00041,-0.047172456979752,-12.498781204224,None,0
193.6,155.7,None,-0.047172456979752,-12.498781204224,None,0
196.7,158.1,B00942,-0.047172456979752,-12.498781204224,None,0
199.7,160.1,B00941,-0.047172456979752,-12.498781204224,None,0
202.7,162.0,B00941,-0.047172456979752,-12.498781204224,None,0
205.8,163.0,B00941,-0.047172456979752,-12.498781204224,None,0
208.8,164.9,B00941,-0.047172456979752,-12.498781204224,None,0
211.8,166.9,B00941,-0.047172456979752,-12.498781204224,None,0
214.8,166.9,B00941,-0.047172456979752,-12.498781204224,None,0
217.8,166.9,B00941,-0.047172456979752,-12.498781204224,None,0
220.9,166.9,B00941,-0.047172456979752,-12.498781204224,None,0
223.9,166.9,B00941,-0.047172456979752,-12.498781204224,None,0
226.9,166.9,B00941,-0.047172456979752,-12.498781204224,None,0
229.9,166.9,B00941,-0.047172456979752,-12.498781204224,None,0
233.0,166.9,B00941,-0.047172456979752,-12.498781204224,None,0
236.0,166.9,B00941,-0.047172456979752,-12.498781204224,None,0
239.0,166.9,B00941,-0.047172456979752,-12.498781204224,None,0
242.0,166.9,B00941,-0.047172456979752,-12.498781204224,None,0
245.0,166.9,B00941,-0.047172456979752,-12.498781204224,None,0
248.1,166.9,B00941,-0.047172456979752,-12.498781204224,None,0
251.1,170.0,B01097,-0.047172456979752,-12.498781204224,None,0
254.1,172.2,B01097,-0.047172456979752,-12.498781204224,None,0
257.1,174.4,B01097,-0.047172456979752,-12.498781204224,None,0
260.1,175.6,B01096,-0.047172456979752,-12.498781204224,None,0
263.1,176.8,B01096,-0.047172456979752,-12.498781204224,None,0
266.2,179.3,B01096,-0.047172456979752,-12.498781204224,None,0
269.2,180.6,B01096,-0.047172456979752,-12.498781204224,None,0
272.2,183.3,B01096,-0.047172456979752,-12.498781204224,None,0
275.3,184.7,B01096,-0.047172456979752,-12.498781204224,None,0
278.3,187.5,B00975,-0.047172456979752,-12.498781204224,None,0
281.3,189.0,B00975,-0.047172456979752,-12.498781204224,None,0
284.4,191.9,B00975,-0.047172456979752,-12.498781204224,None,0
287.4,193.5,B00975,-0.047172456979752,-12.498781204224,None,0
290.4,196.5,B00975,-0.047172456979752,-12.498781204224,None,0
293.4,198.0,B00976,-0.047172456979752,-12.498781204224,None,0
296.4,201.2,B00976,-0.047172456979752,-12.498781204224,None,0
299.5,204.3,B00976,-0.047172456979752,-12.498781204224,None,0
302.5,207.4,B00869,-0.047172456979752,-12.498781204224,None,0
305.5,210.6,B00869,-0.047172456979752,-12.498781204224,None,0
308.5,213.7,B00869,-0.047172456979752,-12.498781204224,None,0
311.5,216.8,B00870,-0.047172456979752,-12.498781204224,None,0
314.5,219.8,B00870,-0.047172456979752,-12.498781204224,None,0
317.6,222.8,B00870,-0.047172456979752,-12.498781204224,None,0
320.6,213.5,B01042,-0.047172456979752,-12.498781204224,None,0
323.6,195.0,B01042,-0.047172456979752,-12.498781204224,None,0
326.6,176.4,B01042,-0.047172456979752,-12.498781204224,None,0
329.6,160.0,B01042,-0.047172456979752,-12.498781204224,None,0
332.7,160.3,B00921,-0.047172456979752,-12.498781204224,None,0
335.7,160.4,B00921,-0.047172456979752,-12.498781204224,None,0
338.7,160.5,B00921,-0.047172456979752,-12.498781204224,None,0
341.7,160.5,B00921,-0.047172456979752,-12.498781204224,None,0
344.8,160.5,B00921,-0.047172456979752,-12.498781204224,None,0
347.8,160.5,B00922,-0.047172456979752,-12.498781204224,None,0
350.8,156.4,B00922,-0.047172456979752,-12.498781204224,None,0
353.8,138.2,B00922,-0.047172456979752,-12.498781204224,None,0
356.8,120.0,B01187,-0.047172456979752,-12.498781204224,None,0
359.8,110.8,B00922,-0.047172456979752,-12.498781204224,None,0
362.9,97.2,B01187,-0.047172456979752,-12.498781204224,None,0
365.9,92.2,B01187,-0.047172456979752,-12.498781204224,None,0
368.9,92.3,B01187,-0.047172456979752,-12.498781204224,None,0
372.0,92.3,B01187,-0.047172456979752,-12.498781204224,None,0
375.0,92.3,B01187,-0.047172456979752,-12.498781204224,None,0
378.0,92.3,B00348,-0.047172456979752,-12.498781204224,None,0
381.1,92.3,None,-0.047172456979752,-12.498781204224,None,0
384.2,92.3,None,-0.047172456979752,-12.498781204224,None,0
387.2,92.3,None,-0.047172456979752,-12.498781204224,None,0
390.2,79.2,B00346,-0.047172456979752,-12.498781204224,None,0
393.3,69.8,B00346,-0.047172456979752,-12.498781204224,None,0
396.3,51.2,B00346,-0.047172456979752,-12.498781204224,None,0
399.3,32.5,B00346,-0.047172456979752,-12.498781204224,None,0
402.3,13.8,B00346,-0.047172456979752,-12.498781204224,None,0
405.3,0.0,B00346,31.145637512207,15.006881713867,True,0
408.3,0.0,B00346,29.145629882813,13.006883621216,True,0
411.4,0.0,B00346,28.145626068115,12.00688457489,True,0
414.5,0.0,B00346,26.145618438721,10.006886482239,True,0
417.5,0.0,B00346,24.145610809326,8.0068883895874,True,0
420.5,0.0,B00346,22.145603179932,6.006890296936,True,0
423.5,0.0,B00346,21.145599365234,5.0068912506104,True,0
426.6,0.0,B00346,19.14559173584,3.0068919658661,True,0
429.6,0.0,B00346,17.145584106445,1.0068914890289,True,0
432.6,0.0,B00346,16.145580291748,0.0068915188312531,True,0
435.6,0.0,B00346,14.145582199097,-1.9931086301804,True,0
438.6,0.0,B00346,12.145584106445,-3.9931089878082,True,0
441.7,0.0,B00346,11.14558506012,-4.9931082725525,True,0
444.7,0.0,B00346,9.1455869674683,-6.9931063652039,True,0
447.7,0.0,B00346,7.1455888748169,-8.9931049346924,True,0
